Threshold,3PL_Cost,Truck_Cost,Expected_Shipments_per_Day,Holding_Cost_Rate_per_ft3
600,156.45,56.76,0.1389,0.08495
650,142.29,49.48,0.1111,0.08495
700,142.29,49.48,0.1111,0.08495
750,142.29,49.48,0.1111,0.08495
800,142.29,49.48,0.1111,0.08495
850,142.29,49.48,0.1111,0.08495
900,142.29,49.48,0.1111,0.08495
950,121.05,42.2,0.0833,0.08495
1000,121.05,42.2,0.0833,0.08495
1050,121.05,42.2,0.0833,0.08495
1100,121.05,42.2,0.0833,0.08495
1150,121.05,42.2,0.0833,0.08495
1200,121.05,42.2,0.0833,0.08495
