Threshold,3PL_Cost,Truck_Cost,Expected_Shipments_per_Day,Holding_Cost_Rate_per_ft3
400,831.33,322.63,0.8056,0.08495
450,821.9,315.36,0.7778,0.08495
500,811.28,308.08,0.75,0.08495
550,799.48,300.8,0.7222,0.08495
600,786.5,293.52,0.6944,0.08495
650,772.34,286.25,0.6667,0.08495
700,757.0,278.97,0.6389,0.08495
750,740.48,271.69,0.6111,0.08495
800,722.79,264.41,0.5833,0.08495
